geek_rate,title,num_votes,avg_rate,id
8.467,Pandemic Legacy: Season 1,14891,8.66,161936
8.296,Through the Ages: A New Story of Civilization,5765,8.79,182028
8.225,Twilight Struggle,25952,8.36,12333
8.152,Terra Mystica,22120,8.29,120677
8.112,Star Wars: Rebellion,6601,8.56,187645
8.075,Scythe,11146,8.37,169786
8.026,7 Wonders Duel,16882,8.21,173346
8.025,Caverna: The Cave Farmers,15635,8.20,102794
7.996,The Castles of Burgundy,23414,8.11,84876
7.995,Puerto Rico,46474,8.10,3076
7.976,Agricola,46895,8.07,31260
7.948,Through the Ages: A Story of Civilization,15112,8.11,25613
7.946,Mage Knight Board Game,17285,8.14,96848
7.934,Blood Rage,11132,8.19,170216
7.933,War of the Ring (Second Edition),5810,8.36,115746
7.924,Star Wars: Imperial Assault,10138,8.24,164153
7.874,Power Grid,40849,7.95,2651
7.872,Eclipse,19590,8.03,72125
7.861,Terraforming Mars,4978,8.36,167791
7.845,Android: Netrunner,19575,8.03,124742
7.841,Robinson Crusoe: Adventures on the Cursed Island,16634,8.02,121921
7.838,Codenames,26104,7.95,178900
7.819,Le Havre,18510,7.94,35677
7.812,Brass,10395,8.01,28720
7.804,T.I.M.E Stories,8454,8.09,146508
7.799,Tzolk'in: The Mayan Calendar,16832,7.95,126163
7.783,Mansions of Madness: Second Edition,4510,8.37,205059
7.771,Orléans,7236,8.07,164928
7.768,Food Chain Magnate,4168,8.28,175914
7.759,Keyflower,10972,7.95,122515
7.759,Mechs vs. Minions,3168,8.50,209010
7.757,7 Wonders,49293,7.84,68448
7.740,Dead of Winter: A Crossroads Game,21069,7.89,150376
7.737,The Voyages of Marco Polo,8169,8.01,171623
7.737,Caylus,21421,7.87,18602
7.731,Concordia,9078,7.96,124361
7.719,Eldritch Horror,14991,7.95,146021
7.709,Twilight Imperium (Third Edition),14515,7.92,12493
7.699,Patchwork,15885,7.85,163412
7.696,Roll for the Galaxy,12880,7.87,132531
7.696,Dominant Species,12530,7.87,62219
7.685,Race for the Galaxy,33348,7.77,28143
7.685,Five Tribes,15710,7.84,157354
7.684,El Grande,18000,7.81,93
7.682,Viticulture Essential Edition,3874,8.21,183394
7.682,Lords of Waterdeep,27545,7.80,110327
7.681,Dominion: Intrigue,22572,7.80,40834
7.679,Star Wars: X-Wing Miniatures Game,16002,7.89,103885
7.648,Battlestar Galactica,24687,7.78,37111
7.634,A Feast for Odin,2673,8.42,177736
7.620,Fields of Arle,3154,8.24,159675
7.618,Dominion,54075,7.71,36218
7.612,Great Western Trail,2855,8.30,193738
7.605,Sherlock Holmes Consulting Detective,8406,7.85,2511
7.601,Tigris & Euphrates,19824,7.73,42
7.599,Trajan,9172,7.82,102680
7.599,Russian Railroads,8350,7.84,144733
7.587,Pandemic,59343,7.67,30549
7.586,Castles of Mad King Ludwig,12083,7.76,155426
7.582,Arkham Horror: The Card Game,2858,8.46,205637
7.574,Descent: Journeys in the Dark (Second Edition),13756,7.80,104162
7.569,Crokinole,7405,7.80,521
7.567,War of the Ring (first edition),8857,7.82,9609
7.567,The Resistance: Avalon,14962,7.74,128882
7.564,Mombasa,4182,8.03,172386
7.558,Troyes,10568,7.74,73439
7.553,A Game of Thrones: The Board Game (Second Edition),16811,7.75,103343
7.543,Arcadia Quest,4384,8.03,155068
7.539,Alchemists,9032,7.78,161970
7.539,Stone Age,29282,7.63,34635
7.537,Ora et Labora,7290,7.80,70149
7.532,Kemet,8643,7.77,127023
7.531,Legendary Encounters: An Alien Deck Building Game,5921,7.88,146652
7.523,Nations,7752,7.77,126042
7.515,Suburbia,14091,7.66,123260
7.510,Commands & Colors: Ancients,6706,7.80,14105
7.505,The Gallerist,3230,8.08,125153
7.502,Star Realms,17100,7.65,147020
7.502,Paths of Glory,3528,8.03,91
7.496,Railways of the World,9300,7.71,17133
7.487,Combat Commander: Europe,4256,7.93,21050
7.484,Ticket to Ride: Europe,33880,7.59,14996
7.483,Chaos in the Old World,10907,7.69,43111
7.471,Forbidden Stars,3349,8.08,175155
7.466,Cosmic Encounter,18019,7.61,39463
7.466,Steam,7835,7.69,27833
7.461,Goa,9492,7.65,9216
7.453,Istanbul,11041,7.63,148949
7.450,Splendor,27022,7.56,148228
7.449,Viticulture,5637,7.79,128621
7.443,The Princes of Florence,12980,7.60,555
7.443,Mage Wars Arena,5829,7.84,101721
7.442,The Lord of the Rings: The Card Game,14302,7.65,77423
7.440,Age of Steam,6629,7.70,4098
7.437,La Granja,4461,7.83,146886
7.426,Hansa Teutonica,8108,7.64,43015
7.420,Go,11217,7.68,188
7.419,Tichu,10342,7.61,215
7.419,Ticket to Ride: Nordic Countries,7721,7.67,31627
7.418,Jaipur,16978,7.54,54043
7.418,Village,13096,7.57,104006
7.410,Imperial Settlers,11252,7.60,154203
7.400,Zombicide: Black Plague,3825,8.01,176189
7.399,Legendary: A Marvel Deck Building Game,11748,7.64,129437
7.399,Hannibal: Rome vs. Carthage,4258,7.83,234
7.393,Ticket to Ride,46507,7.49,9209
7.392,Summoner Wars: Master Set,8451,7.63,93260
7.391,Memoir '44,18895,7.53,10630
7.387,Shogun,10230,7.58,20551
7.386,Lewis & Clark,8299,7.60,140620
7.382,Age of Empires III: The Age of Discovery,8755,7.59,22545
7.380,Imperial,7104,7.64,24181
7.377,Galaxy Trucker,19953,7.48,31481
7.377,Dungeon Petz,8263,7.60,97207
7.375,Space Alert,11547,7.54,38453
7.372,Runewars,6287,7.71,59294
7.370,BattleLore (Second Edition),3264,7.94,146439
7.355,Cyclades,11586,7.54,54998
7.354,Ra,15087,7.47,12
7.351,Mysterium,10256,7.55,181304
7.345,Bora Bora,6252,7.61,127060
7.340,Glory to Rome,10690,7.50,19857
7.339,Alien Frontiers,11076,7.50,48726
7.337,Carcassonne,64609,7.44,822
7.336,The Resistance,24537,7.44,41114
7.335,Here I Stand,2874,7.93,17392
7.334,YINSH,5108,7.67,7854
7.329,Targi,5637,7.63,118048
7.326,Seasons,13348,7.47,108745
7.324,Dixit Odyssey,9387,7.54,92828
7.321,Sid Meier's Civilization: The Board Game,11084,7.52,77130
7.318,Agricola:  All Creatures Big and Small,8740,7.52,119890
7.317,Above and Below,4612,7.70,172818
7.316,Navegador,5914,7.59,66589
7.310,1830: Railways & Robber Barons,3286,7.81,421
7.308,1960: The Making of the President,6871,7.56,27708
7.307,Die Macher,4454,7.67,1
7.306,Imperial 2030,3858,7.74,54138
7.302,Kingdom Death: Monster,1731,9.04,55690
7.295,Magic: The Gathering,22185,7.43,463
7.293,Isle of Skye: From Chieftain to King,7074,7.54,176494
7.291,Claustrophobia,5428,7.62,36932
7.286,Small World,41562,7.37,40692
7.286,Sekigahara: The Unification of Japan,2105,8.05,25021
7.285,Samurai,11824,7.44,3
7.285,Blood Bowl: Living Rulebook,2957,7.88,15985
7.284,BattleCON: Devastation of Indines,2062,8.13,123123
7.282,Dungeon Lords,10534,7.46,45315
7.281,Power Grid deluxe: Europe/North America,1847,8.16,155873
7.274,Dixit,29665,7.37,39856
7.273,Battle Line,11948,7.42,760
7.270,Letters from Whitechapel,8526,7.49,59959
7.267,Mice and Mystics,10258,7.49,124708
7.266,Clash of Cultures,3798,7.71,40765
7.261,Fury of Dracula (third edition),3621,7.74,181279
7.256,Bruges,6749,7.50,136888
7.253,Advanced Squad Leader,2885,7.92,243
7.253,Star Wars: Armada,2468,8.02,163745
7.253,Grand Austria Hotel,3186,7.77,182874
7.253,Ghost Stories,13691,7.39,37046
7.252,Endeavor,7930,7.46,33160
7.251,Merchants & Marauders,9324,7.45,25292
7.244,Love Letter,34024,7.32,129622
7.242,Risk Legacy,5248,7.59,105134
7.241,The Manhattan Project,6428,7.50,63628
7.235,Space Hulk (third edition),5765,7.57,54625
7.233,Captain Sonar,2685,7.87,171131
7.233,Xia: Legends of a Drift System,3021,7.83,82222
7.232,Notre Dame,9756,7.40,25554
7.232,Hive,19380,7.34,2655
7.230,Mission: Red Planet (second edition),3527,7.68,176920
7.229,Takenoko,18626,7.35,70919
7.228,Dune,4503,7.61,121
7.228,King of Tokyo,34592,7.32,70323
7.227,Civilization,6103,7.53,71
7.226,In the Year of the Dragon,8113,7.42,31594
7.223,Acquire,14917,7.36,5
7.223,Glass Road,5525,7.51,143693
7.223,Sheriff of Nottingham,13660,7.37,157969
7.222,Neuroshima Hex!,9393,7.44,21241
7.209,Rococo,4240,7.58,144344
7.205,Tikal,13384,7.34,54
7.198,Codenames: Pictures,3330,7.67,198773
7.197,Arkham Horror,29354,7.36,15987
7.196,Saint Petersburg,12237,7.34,9217
7.196,One Night Ultimate Werewolf,10321,7.38,147949
7.195,A Few Acres of Snow,6113,7.45,79828
7.194,San Juan,18411,7.30,8217
7.192,Telestrations,6339,7.44,46213
7.189,Ticket to Ride: Märklin,7619,7.41,21348
7.189,Kanban: Automotive Revolution,2597,7.80,109276
7.185,Survive: Escape from Atlantis!,13110,7.33,2653
7.182,Earth Reborn,2828,7.77,73171
7.180,The Pillars of the Earth,12824,7.32,24480
7.179,Macao,5702,7.44,55670
7.176,Blood Bowl: Team Manager – The Card Game,7931,7.39,90137
7.176,Trickerion: Legends of Illusion,2201,7.89,163068
7.173,BattleLore,8559,7.41,25417
7.172,Maria,1869,7.97,40354
7.171,Mansions of Madness,10302,7.40,83330
7.167,Indonesia,2488,7.74,19777
7.166,Antiquity,2186,7.83,13122
7.162,At the Gates of Loyang,6935,7.38,39683
7.162,Sentinels of the Multiverse,10612,7.37,102652
7.161,Roads & Boats,2445,7.76,875
7.161,Blood Bowl (Third Edition),4416,7.58,712
7.160,Lancaster,4635,7.49,96913
7.159,Forbidden Desert,13799,7.30,136063
7.158,Lord of the Rings: The Confrontation,4425,7.51,18833
7.156,Fresco,8510,7.34,66188
7.153,Pathfinder Adventure Card Game: Rise of the Runelords – Base Set,9230,7.38,133038
7.152,Amun-Re,7108,7.37,5404
7.151,Modern Art,11307,7.30,118
7.151,1775: Rebellion,2230,7.84,128996
7.150,Flash Point: Fire Rescue,13140,7.29,100901
7.149,Glen More,6933,7.36,66362
7.149,London,5419,7.42,65781
7.148,Descent: Journeys in the Dark,10186,7.35,17226
7.145,Deception: Murder in Hong Kong,3500,7.59,156129
7.144,Cthulhu Wars,1968,8.06,139976
7.141,Hanabi,22482,7.23,98778
7.139,Quadropolis,4406,7.50,176396
7.137,Catan,65333,7.28,13
7.130,Small World Underground,6792,7.38,97786
7.129,Thunderstone Advance: Towers of Ruin,3994,7.52,116998
7.129,Pandemic: The Cure,5289,7.42,150658
7.126,Kingsburg,14838,7.24,27162
7.126,Sushi Go Party!,2377,7.78,192291
7.121,Vinhos,3519,7.55,42052
7.121,Heroscape Master Set: Rise of the Valkyrie,6841,7.41,11170
7.121,Santorini,1370,8.32,194655
7.121,Egizia,4272,7.46,58421
7.116,A Game of Thrones: The Card Game (Second Edition),2032,7.96,169255
7.113,For Sale,14916,7.22,172
7.113,Hammer of the Scots,3356,7.57,3685
7.111,Time's Up! Title Recall!,2089,7.79,36553
7.111,Innovation,10581,7.26,63888
7.106,Amerigo,3686,7.50,137408
7.102,Zombicide,10484,7.34,113924
7.101,Archipelago,4858,7.43,105551
7.100,Nippon,1935,7.84,154809
7.099,Taj Mahal,6161,7.34,475
7.097,Commands & Colors: Napoleonics,1738,7.97,62222
7.095,Bruxelles 1893,2678,7.64,144592
7.094,Libertalia,8467,7.28,125618
7.092,Airlines Europe,5228,7.37,90419
7.092,Firefly: The Game,6481,7.41,138161
7.091,Colt Express,10754,7.25,158899
7.090,Spyfall,9381,7.25,166384
7.089,Shadows of Brimstone: City of the Ancients,1939,8.06,146791
7.088,Legends of Andor,7187,7.33,127398
7.086,Spartacus: A Game of Blood & Treachery,4466,7.48,128671
7.084,A Game of Thrones (first edition),9241,7.30,6472
7.082,Champions of Midgard,2648,7.65,172287
7.081,Biblios,9313,7.25,34219
7.081,"Labyrinth: The War on Terror, 2001 – ?",3054,7.58,62227
7.080,Deus,4408,7.41,162082
7.080,Struggle of Empires,3376,7.52,9625
7.079,Vikings,6692,7.30,27173
7.079,Automobile,4665,7.38,39351
7.078,Tales of the Arabian Nights,8278,7.29,34119
7.078,Wallenstein (first edition),3273,7.53,3307
7.074,Elysium,4666,7.39,163968
7.064,Citadels,36641,7.15,478
7.064,Tiny Epic Galaxies,5147,7.38,163967
7.063,The Grizzled,4941,7.37,171668
7.063,Euphoria: Build a Better Dystopia,5436,7.36,133848
7.061,The Republic of Rome,3305,7.55,1513
7.058,Last Will,6509,7.27,97842
7.058,Carson City,5609,7.31,39938
7.056,Dead of Winter: The Long Night,1445,8.18,193037
7.056,Lost Cities,25921,7.14,50
7.056,Onitama,2508,7.66,160477
7.055,RoboRally,19025,7.16,18
7.055,Paperback,4103,7.40,141572
7.054,Freedom: The Underground Railroad,2335,7.65,119506
7.053,Evolution,6422,7.30,155703
7.052,Friday,8295,7.25,43570
7.050,Nexus Ops,7480,7.26,15363
7.050,Ingenious,12676,7.18,9674
7.050,PitchCar,7436,7.25,150
7.050,Francis Drake,3056,7.51,140603
7.050,Smash Up: Awesome Level 9000,4819,7.40,134726
7.048,Ginkgopolis,3606,7.43,128271
7.047,Gears of War: The Board Game,3678,7.50,42776
7.046,Shadows over Camelot,19690,7.16,15062
7.044,Belfort,4848,7.34,50750
7.043,San Juan (second edition),2184,7.69,166669
7.041,Dixit: Journey,3301,7.50,121288
7.041,Up Front,1845,7.84,586
7.038,StarCraft: The Board Game,5969,7.34,22827
7.037,Warhammer Quest: The Adventure Card Game,2694,7.66,181521
7.036,1989: Dawn of Freedom,1579,7.92,26997
7.035,Madeira,2236,7.67,95527
7.034,Defenders of the Realm,4444,7.39,65532
7.034,Conflict of Heroes: Awakening the Bear! – Russia 1941-42,2793,7.57,24800
7.033,Sushi Go!,15975,7.15,133473
7.031,AquaSphere,3915,7.39,159508
7.030,Tajemnicze Domostwo,3780,7.41,113997
7.029,Napoleon's Triumph,1493,7.97,18098
7.029,Abyss,4981,7.34,155987
7.027,Star Realms: Colony Wars,1492,7.98,182631
7.024,Ashes: Rise of the Phoenixborn,2626,7.69,167400
7.023,Coup,19372,7.13,131357
7.023,Trains,5674,7.27,121408
7.021,Thurn and Taxis,14924,7.13,21790
7.021,Marvel Dice Masters: Avengers vs. X-Men,4611,7.36,148575
7.020,DVONN,3535,7.43,2346
7.018,Summoner Wars,4900,7.34,58281
7.016,Snowdonia,3084,7.46,119432
7.014,The Duke,2544,7.59,36235
7.011,King of New York,7930,7.21,160499
7.010,Burgle Bros.,2214,7.65,172081
7.010,Combat Commander: Pacific,1233,8.11,28181
7.009,Star Wars: X-Wing Miniatures Game – The Force Awakens Core Set,1189,8.20,183562
7.008,Fire in the Lake,1293,8.12,144189
7.006,Star Trek: Fleet Captains,2667,7.59,79127
7.005,Time's Up!,3840,7.36,1353
7.003,Specter Ops,3172,7.45,155624
7.002,Stockpile,2230,7.65,161614
7.001,Chicago Express,5790,7.23,31730
6.996,Luna,3141,7.42,70512
6.995,Star Wars: The Card Game,4149,7.39,103886
6.995,Thebes,7481,7.19,30869
6.993,Zombicide Season 2: Prison Outbreak,2692,7.59,137988
6.993,Fury of Dracula (second edition),8116,7.21,20963
6.992,TZAAR,1998,7.66,31999
6.991,One Night Ultimate Werewolf Daybreak,2311,7.61,163166
6.990,Advanced Squad Leader: Starter Kit #1,1900,7.77,9823
6.987,Bohnanza,27679,7.07,11
6.984,Lords of Vegas,4172,7.31,20437
6.984,Quantum,4022,7.35,143519
6.981,Pax Porfiriana,1829,7.72,128780
6.978,Cry Havoc,1858,7.76,192457
6.976,Among the Stars,4954,7.24,110277
6.976,Summoner Wars: Phoenix Elves vs Tundra Orcs,2153,7.61,82421
6.975,Summoner Wars: Guild Dwarves vs Cave Goblins,2003,7.67,82420
6.975,Carcassonne: Hunters and Gatherers,9498,7.15,4390
6.974,Colosseum,6694,7.19,27746
6.974,Vegas Showdown,5393,7.22,15364
6.970,Chinatown,5656,7.22,47
6.969,Escape: The Curse of the Temple,11007,7.11,113294
6.969,Middle-Earth Quest,3358,7.41,31563
6.968,Cuba,6894,7.18,30380
6.968,Betrayal at House on the Hill,20448,7.14,10547
6.967,Washington's War,1876,7.68,38996
6.967,Shadows of Brimstone: Swamps of Death,1343,8.14,150997
6.966,Camel Up,11063,7.11,153938
6.965,Marvel Dice Masters: Uncanny X-Men,2968,7.45,158275
6.965,Lord of the Rings: The Confrontation,5816,7.21,3201
6.963,Myrmes,3606,7.35,126792
6.963,Torres,6887,7.18,88
6.961,Tobago,8055,7.13,42215
6.960,Mr. Jack,11547,7.09,21763
6.957,Baseball Highlights: 2045,1703,7.74,151022
6.957,Vasco da Gama,3677,7.32,41002
6.956,Clank!,1335,8.10,201808
6.956,Space Hulk,3143,7.46,2163
6.955,Age of Industry,2552,7.47,65901
6.955,Alhambra,20702,7.04,6249
6.952,Warhammer: Invasion,4975,7.29,47185
6.952,The Battle of Five Armies,1315,8.01,135219
6.951,Eminent Domain,7211,7.14,68425
6.950,Tinners' Trail,3414,7.33,35570
6.947,No Thanks!,14051,7.04,12942
6.945,Yedo,2458,7.51,117915
6.945,Shipyard,2861,7.39,55600
6.943,Taluva,5878,7.18,24508
6.942,Virgin Queen,1152,8.10,41066
6.942,Secret Hitler,2501,7.61,188834
6.940,Discworld: Ankh-Morpork,6701,7.18,91312
6.939,Yspahan,6963,7.14,22345
6.938,Jamaica,9770,7.10,28023
6.933,Chess,19598,7.09,171
6.933,Arboretum,3158,7.36,140934
6.931,Dungeons & Dragons: The Legend of Drizzt Board Game,3987,7.35,91872
6.931,Friedrich,2164,7.56,12891
6.927,Love Letter: Batman,3027,7.40,168584
6.926,Steampunk Rally,2625,7.45,162007
6.924,51st State: Master Set,1317,7.95,192458
6.924,ZhanGuo,1726,7.68,160495
6.924,Formula D,11714,7.06,37904
6.923,Union Pacific,3905,7.25,94
6.922,Millennium Blades,1276,8.06,151347
6.921,World Without End,3582,7.30,43528
6.921,Legendary: Villains – A Marvel Deck Building Game,1689,7.77,156689
6.919,XCOM: The Board Game,4616,7.23,163602
6.919,Tribune: Primus Inter Pares,3880,7.26,30957
6.918,K2,6240,7.14,73761
6.917,Karuba,2909,7.37,183251
6.916,Kingdom Builder,12589,7.04,107529
6.915,Heroscape Master Set: Swarm of the Marro,1980,7.63,27976
6.915,Squad Leader,2634,7.47,1035
6.914,Through the Desert,10462,7.05,503
6.914,Homesteaders,3017,7.32,26566
6.913,The Downfall of Pompeii,5839,7.14,13004
6.912,Panamax,2388,7.44,131287
6.911,Space Empires: 4X,1986,7.58,84419
6.910,Schotten Totten,3453,7.28,372
6.908,Tokaido,9569,7.08,123540
6.907,Star Wars: Destiny,1189,8.26,205359
6.907,Bridge,2538,7.47,2181
6.906,Medici,5535,7.14,46
6.906,Ca$h 'n Guns (Second Edition),6594,7.11,155362
6.899,Genoa,5412,7.16,1345
6.898,Polis: Fight for the Hegemony,1437,7.82,69779
6.897,Tash-Kalar: Arena of Legends,3743,7.26,146278
6.896,Spyrium,4486,7.17,137269
6.895,Broom Service,3124,7.30,172308
6.895,Reef Encounter,4572,7.17,12962
6.891,Shakespeare,2017,7.54,180511
6.891,ZÈRTZ,3206,7.30,528
6.886,Conflict of Heroes: Awakening the Bear! (second edition),1058,8.14,132028
6.884,Pandemic: Reign of Cthulhu,1966,7.61,192153
6.882,Jambo,7227,7.06,12002
6.880,Inis,1498,7.83,155821
6.880,Argent: The Consortium,1361,7.83,144797
6.879,Web of Power,3024,7.31,491
6.879,Thunderstone: Dragonspire,2396,7.41,85897
6.879,Elder Sign,14573,7.01,100423
6.879,Raptor,1904,7.55,177639
6.878,Maharaja: The Game of Palace Building in India,4438,7.17,9440
6.877,BANG! The Dice Game,9713,7.03,143741
6.876,Flick 'em Up!,3457,7.24,169124
6.875,Tragedy Looper,2474,7.41,148319
6.874,Stronghold,3083,7.28,45986
6.874,Core Worlds,3212,7.26,98351
6.872,Imhotep,2750,7.34,191862
6.869,Coal Baron,2803,7.33,143515
6.869,Coloretto,13464,6.97,5782
6.868,Legacy: The Testament of Duke de Crecy,2944,7.30,52461
6.868,Ascension: Storm of Souls,2719,7.37,108784
6.866,Carcassonne: The City,3755,7.21,12902
6.864,Star Wars: The Queen's Gambit,1846,7.56,939
6.863,San Marco,3770,7.19,1041
6.863,Blue Moon City,6681,7.06,21882
6.862,D-Day at Omaha Beach,945,8.23,29603
6.861,Santiago,4273,7.15,8125
6.861,Carcassonne: The Castle,6335,7.09,7717
6.861,Mare Nostrum: Empires,1368,7.84,174785
6.861,Louis XIV,4943,7.12,13642
6.860,Ascension: Deckbuilding Game,8494,7.05,69789
6.859,Saint Petersburg (second edition),1518,7.66,156943
6.858,Hawaii,3272,7.23,106217
6.858,Dungeons & Dragons: Wrath of Ashardalon Board Game,4339,7.22,66356
6.857,Diplomacy,9688,7.07,483
6.856,Summoner Wars: Alliances Master Set,862,8.37,158889
6.854,Port Royal,4641,7.14,156009
6.852,Brew Crafters,1503,7.67,139898
6.852,Thunder Alley,2087,7.45,108906
6.852,Thunderstone,8868,7.02,53953
6.851,Last Night on Earth: The Zombie Game,11845,7.04,29368
6.851,Britannia,3543,7.24,240
6.851,Wits & Wagers,9705,6.99,20100
6.850,Conflict of Heroes: Storms of Steel! – Kursk 1943,1342,7.80,38823
6.849,Between Two Cities,4357,7.14,168435
6.847,CO₂,2840,7.28,72225
6.846,Lords of Xidit,2707,7.29,156566
6.845,Blokus,16425,6.95,2453
6.838,Ascension: Return of the Fallen,2614,7.35,95064
6.836,Pandemic Iberia,892,8.29,198928
6.834,Antike,4270,7.14,19600
6.833,Netrunner,2089,7.46,1301
6.833,Cuba Libre,1235,7.81,111799
6.832,Hyperborea,2591,7.34,119788
6.831,La Città,4611,7.10,554
6.828,Finca,5497,7.06,40628
6.827,Raiders of the North Sea,1232,7.88,170042
6.827,Battles of Westeros,2328,7.39,67492
6.820,Tide of Iron,3416,7.26,22825
6.819,The Palaces of Carrara,2663,7.26,129948
6.819,Onirim (second edition),2365,7.36,156336
6.815,Empires: Age of Discovery,906,8.13,173442
6.814,Concept,7419,6.99,147151
6.814,Conan,1207,8.23,160010
6.812,Dream Factory,4379,7.08,904
6.812,Merchant of Venus (second edition),2800,7.25,131646
6.811,Attika,5902,7.03,8051
6.810,Red7,5899,7.02,161417
6.810,Space Hulk: Death Angel – The Card Game,9360,6.98,71721
6.809,Las Vegas,4679,7.07,117959
6.808,Wilderness War,1353,7.73,1822
6.808,Cacao,3664,7.14,171499
6.808,Mystic Vale,2286,7.37,194607
6.808,Skull,5116,7.05,92415
6.804,Princes of the Renaissance,1746,7.47,8045
6.803,Mr. Jack in New York,2292,7.34,55427
6.803,Tammany Hall,2473,7.29,30645
6.801,Scoville,2688,7.24,145659
6.801,BattleCON: War of Indines,1192,7.85,89409
6.800,Vinci,3680,7.14,60
6.796,Legendary Encounters: A Predator Deck Building Game,1313,7.73,174570
6.793,A Study in Emerald,2466,7.28,141517
6.793,Roll Through the Ages: The Bronze Age,9850,6.92,37380
6.793,"Warhammer 40,000: Conquest",1922,7.51,156776
6.791,Mexica,3222,7.16,2955
6.789,The Speicherstadt,4003,7.08,66505
6.788,Liar's Dice,9157,6.93,45
6.788,The Great Zimbabwe,1296,7.68,111341
6.788,Morels,4223,7.09,122298
6.787,History of the World,3923,7.13,224
6.786,Discoveries,2495,7.24,171669
6.786,Formula Dé,7028,6.99,173
6.783,Cribbage,5954,7.01,2398
6.781,Wiz-War (eighth edition),3624,7.14,104710
6.781,Rex: Final Days of an Empire,3128,7.17,104363
6.781,Forbidden Island,25575,6.86,65244
6.780,Container,3528,7.11,26990
6.778,Shadowrun: Crossfire,2291,7.33,135382
6.778,Ricochet Robots,6138,7.00,51
6.773,Runebound (Third Edition),1549,7.63,181530
6.772,Super Motherload,1365,7.61,162286
6.771,Level 7 [Omega Protocol],1407,7.61,137649
6.770,Battle Cry,3183,7.16,551
6.770,Pictomania,1833,7.39,98229
6.767,6 nimmt!,11160,6.89,432
6.765,Wir sind das Volk!,975,7.97,165401
6.764,Mr. Jack Pocket,4911,7.01,72287
6.762,Ninjato,2252,7.28,50768
6.761,Snow Tails,4738,7.00,38054
6.760,Tumblin-Dice,2842,7.16,16747
6.759,Vanuatu,2070,7.30,104020
6.756,Churchill,1164,7.77,132018
6.756,Terror in Meeple City,5553,6.97,97903
6.755,Zooloretto,11488,6.88,27588
6.752,1812: The Invasion of Canada,1718,7.41,94246
6.752,Dungeons & Dragons: Castle Ravenloft Board Game,6749,6.99,59946
6.751,China,3942,7.03,18100
6.750,Potion Explosion,2544,7.23,180974
6.750,Manila,4442,7.02,15817
6.749,Triumph & Tragedy,737,8.38,130960
6.748,Ultimate Werewolf: Ultimate Edition,2947,7.17,38159
6.745,Catacombs,2724,7.18,57390
6.744,Mahjong,4898,7.03,2093
6.743,HeroQuest,8011,7.01,699
6.741,The Rivals for Catan,3509,7.10,66056
6.741,Planet Steam,2117,7.28,23094
6.740,Domaine,3829,7.05,5737
6.738,Metropolys,3548,7.04,25568
6.734,Fauna,3039,7.11,35497
6.732,Zombicide Season 3: Rue Morgue,1209,7.79,161866
6.731,Manoeuvre,1998,7.30,17396
6.725,Space Hulk (fourth edition),939,8.09,165838
6.723,Lanterns: The Harvest Festival,3710,7.06,160851
6.723,Loopin' Louie,6488,6.91,327
6.722,Caylus Magna Carta,4357,6.98,27364
6.722,Pathfinder Adventure Card Game: Skull & Shackles – Base Set,1480,7.52,151007
6.721,Keythedral,2778,7.10,4099
6.720,Yggdrasil,3034,7.10,71671
6.720,Can't Stop,8852,6.85,41
6.718,The Castles of Burgundy: The Card Game,1945,7.30,191977
6.717,Peloponnes,2243,7.18,42910
6.715,Primordial Soup,4205,6.98,124
6.715,Valley of the Kings,2389,7.17,150999
6.712,A Game of Thrones: The Card Game,5180,6.98,39953
6.712,Witch's Brew,3278,7.05,34084
6.708,Eight-Minute Empire: Legends,2735,7.12,142326
6.705,Merchant of Venus,2398,7.18,230
6.705,Hamburgum,2773,7.08,30381
6.703,Haggis,3198,7.04,37628
6.702,Steam Park,3867,7.00,121410
6.702,Warhammer Quest,1951,7.40,1634
6.702,Evolution: CLIMATE,914,8.01,182134
6.701,Black Fleet,2727,7.12,157403
6.701,Incan Gold,7517,6.85,37759
6.700,Telestrations: 12 Player Party Pack,946,7.85,153016
6.698,Eat Poop You Cat,1355,7.47,30618
6.698,"Hey, That's My Fish!",14959,6.78,8203
6.695,Viceroy,3157,7.05,157526
6.695,Andean Abyss,1238,7.58,91080
6.695,Liberté,2218,7.18,2507
6.695,Power Grid: Factory Manager,5168,6.91,44163
6.695,Ambush!,1785,7.37,1608
6.694,Rhino Hero,2980,7.06,91514
6.694,Fleet,3420,7.01,121297
6.692,Qwirkle,9943,6.82,25669
6.692,Quarriors!,11201,6.83,91536
6.691,Signorie,1230,7.57,177678
6.690,Strasbourg,2059,7.20,91873
6.688,Guildhall,3114,7.04,132372
6.688,No Retreat! The Russian Front,989,7.81,68264
6.687,Julius Caesar,1005,7.81,37836
6.687,Hacienda,3698,6.98,19100
6.686,The Werewolves of Miller's Hollow,6864,6.89,25821
6.685,Ikusa,4221,7.01,221
6.684,Diamonds,3114,7.03,152162
6.682,Tyrants of the Underdark,868,8.00,189932
6.682,The New Era,1142,7.65,96007
6.681,For the People,1127,7.67,833
6.681,Advanced Squad Leader: Starter Kit #2,927,7.88,15126
6.681,FUSE,2013,7.24,171273
6.680,Runebound (Second Edition),7041,6.90,21523
6.678,Hansa,4525,6.91,8989
6.678,Winner's Circle,4064,6.96,1382
6.675,Java,2947,7.04,855
6.674,Yomi,2534,7.15,43022
6.670,Arkadia,3716,6.95,25643
6.669,The Big Book of Madness,2015,7.23,171233
6.668,Thunderbolt Apache Leader,752,8.20,123955
6.668,Machi Koro,14489,6.77,143884
6.667,Harry Potter: Hogwarts Battle,1183,7.71,199042
6.667,Zendo,1721,7.29,6830
6.667,Loony Quest,2304,7.14,136991
6.665,Lord of the Rings,11658,6.79,823
6.663,Tales & Games: The Hare & the Tortoise,1977,7.21,130176
6.663,Vinhos Deluxe Edition,561,8.54,175640
6.663,Firenze,1622,7.29,75449
6.663,Quartermaster General,1302,7.53,159473
6.662,Linko!,2400,7.10,153065
6.662,Risk: Star Wars Edition,1814,7.25,183880
6.662,Heroes of Normandie,1162,7.67,53093
6.662,Medina,2544,7.08,1261
6.661,Agricola (revised edition),648,8.49,200680
6.660,Mission: Red Planet,3611,6.94,18258
6.659,La Isla,3170,6.99,154246
6.659,Akrotiri,1456,7.38,154458
6.656,Rallyman,1885,7.25,60435
6.656,Witness,1427,7.39,164265
6.656,Celestia,2224,7.16,175117
6.656,Empire of the Sun,884,7.93,11825
6.655,Shadow Hunters,6121,6.85,24068
6.654,Wizard,5194,6.88,1465
6.651,Blueprints,3713,6.94,140933
6.650,Fortune and Glory: The Cliffhanger Game,2602,7.11,95103
6.650,Trains: Rising Sun,1025,7.65,157001
6.649,Qwixx,4050,6.92,131260
6.649,Deep Sea Adventure,2125,7.15,169654
6.647,Ascending Empires,1856,7.20,37919
6.646,Animal Upon Animal,4307,6.89,17329
6.646,A Touch of Evil: The Supernatural Game,3818,6.99,35815
6.646,Advanced Squad Leader: Starter Kit #3,803,8.00,20542
6.643,Dice Town,5049,6.85,40793
6.643,Fairy Tale,7023,6.79,13823
6.641,Wallenstein (second edition),953,7.71,109125
6.641,Catan Card Game,10978,6.78,278
6.641,High Frontier,1341,7.44,47055
6.641,A Distant Plain,777,8.02,127518
6.640,Patchistory,1460,7.37,144041
6.639,Doomtown: Reloaded,1574,7.44,156714
6.637,New York 1901,2874,7.02,174660
6.636,Rialto,2853,6.99,119591
6.636,Nothing Personal,1772,7.20,120523
6.635,Gold West,1122,7.53,154086
6.635,Evo,4103,6.90,1159
6.634,GIPF,2244,7.10,527
6.633,Parade,3517,6.93,56692
6.632,DC Comics Dice Masters: Justice League,1022,7.64,138649
6.632,DC Comics Deck-Building Game,3802,7.00,125678
6.631,Carcassonne: South Seas,1864,7.19,147303
6.631,Colossal Arena,6241,6.81,105
6.629,De Vulgari Eloquentia,1504,7.31,75165
6.629,The Others,1059,7.84,172047
6.627,Fire & Axe: A Viking Saga,2545,7.02,12495
6.625,Tournay,2247,7.08,105037
6.625,Hero Realms,825,7.97,198994
6.623,The Golden Ages,1349,7.39,164338
6.620,Dark Moon,1926,7.17,111124
6.620,Blokus Duo,4108,6.88,16395
6.620,Dogs of War,1082,7.58,158435
6.618,Dungeon Twister,5178,6.86,12995
6.616,Rattus,4715,6.84,42452
6.614,Coconuts,2069,7.14,145639
6.614,Cleopatra and the Society of Architects,5525,6.81,22141
6.614,Löwenherz,2183,7.08,66
6.612,Titan,3519,6.97,103
6.611,Amyitis,2608,6.99,29934
6.610,Mykerinos,3563,6.88,21441
6.610,City of Iron,1354,7.37,123499
6.610,Meuterer,2972,6.95,902
6.609,The Bloody Inn,2619,7.01,180593
6.609,Say Anything,4277,6.86,33604
6.607,Dungeon Fighter,3694,6.91,102548
6.606,Dungeons & Dragons Dice Masters: Battle for Faerûn,1123,7.50,160902
6.605,Augustus,5501,6.79,137297
6.605,Tides of Time,3788,6.87,176229
6.604,Wars of the Roses: Lancaster vs. York,1314,7.36,58936
6.604,Mystery Rummy: Jack the Ripper,2850,6.98,106
6.603,Santiago de Cuba,3133,6.94,104347
6.602,Axis & Allies Anniversary Edition,1667,7.36,35052
6.600,Cosmic Encounter,3606,6.93,15
6.600,Doom: The Boardgame,4553,6.91,10640
6.598,Wings of War: Famous Aces,4358,6.87,9203
6.598,Medieval Academy,1979,7.10,154386
6.598,Asara,2105,7.05,72991
6.595,Le Havre: The Inland Port,2273,7.02,129051
6.595,Mü & More,1697,7.17,152
6.594,In the Shadow of the Emperor,2707,6.95,13780
6.594,Carcassonne: Winter Edition,1075,7.54,131014
6.592,Elfenland,6637,6.75,10
6.589,Europe Engulfed,1203,7.54,6205
6.589,The Networks,1193,7.48,72321
6.588,The Manhattan Project: Energy Empire,712,8.09,176734
6.587,Fief: France 1429,1188,7.52,152470
6.587,Sword of Rome,1343,7.33,7480
6.587,The Scepter of Zavandor,2302,7.03,13884
6.586,Aladdin's Dragons,2845,6.94,492
6.586,Sticheln,2224,7.02,354
6.586,Ascension: Immortal Heroes,1163,7.47,122294
6.586,Starship Catan,3759,6.86,2338
6.584,The Oracle of Delphi,1073,7.50,193558
6.584,Rise of Empires,1816,7.12,30658
6.584,Monikers,823,7.80,156546
6.583,Nations: The Dice Game,2608,6.95,157809
6.582,Aton,2914,6.91,19999
6.582,Puzzle Strike (Third Edition),1307,7.40,123607
6.581,Via Nebula,1387,7.29,191231
6.581,Star Trek: Catan,2103,7.09,117985
6.581,Ingenious: Travel Edition,1716,7.15,22484
6.581,Arkwright,728,7.91,154825
6.581,Pixel Tactics,1897,7.13,125548
6.580,Warmachine Prime Mk II,768,7.94,67254
6.580,Galaxy Defenders,1108,7.55,138431
6.579,XenoShyft: Onslaught,1785,7.16,159109
6.579,Welcome to the Dungeon,5006,6.78,150312
6.579,Automobiles,1090,7.48,180680
6.578,1856,1043,7.49,423
6.577,Tsuro,14480,6.68,16992
6.577,Mottainai,1842,7.09,175199
6.576,Wyatt Earp,3523,6.87,878
6.575,Aquaretto,2238,7.03,34194
6.575,Kremlin,2422,7.00,196
6.575,Power Struggle,2019,7.06,55697
6.574,Two Rooms and a Boom,2054,7.08,134352
6.574,Castle Panic,9787,6.71,43443
6.573,Merkator,2034,7.04,39684
6.572,Bausack,3230,6.88,1231
6.572,Olympos,2167,7.01,92319
6.570,Factory Fun,3150,6.87,24417
6.567,Call of Cthulhu: The Card Game,2606,6.99,40270
6.566,Valeria: Card Kingdoms,1054,7.54,170561
6.566,Power Grid: The First Sparks,2946,6.89,106662
6.566,Ubongo,5245,6.77,16986
6.564,Roma,4005,6.82,16496
6.563,Krosmaster: Arena,2555,7.01,112138
6.562,Warrior Knights,3411,6.88,22038
6.559,Condottiere,6172,6.73,112
6.558,The Civil War,937,7.67,2081
6.558,Successors (third edition),1012,7.52,26457
6.557,Age of Renaissance,1926,7.10,26
6.557,Rune Age,3502,6.87,94362
6.556,Necromunda,1545,7.26,3072
6.555,D-Day Dice,2938,6.89,101785
6.555,Starfarers of Catan,4335,6.82,1897
6.554,Star Trek: Attack Wing,1537,7.62,139771
6.553,Sons of Anarchy: Men of Mayhem,1164,7.43,156091
6.552,Gravwell: Escape from the 9th Dimension,2090,7.03,142992
6.552,Spot it!,5685,6.76,63268
6.552,Blue Moon,4984,6.75,9446
6.551,World's Fair 1893,1132,7.42,178336
6.550,Blokus 3D,3397,6.84,6411
6.549,Himalaya,1926,7.03,3800
6.549,High Society,4293,6.77,220
6.548,"The Hunters: German U-Boats at War, 1939-43",859,7.74,113873
6.548,Ys,2332,6.95,12761
6.548,Cartagena,6447,6.71,826
6.546,Giants,2062,7.00,38862
6.546,The Magic Labyrinth,2738,6.91,41916
6.545,The Pursuit of Happiness,1147,7.39,181687
6.544,Duel of Ages II,964,7.61,129459
6.543,Timeline: Inventions,4858,6.76,85256
6.543,Saboteur,15867,6.64,9220
6.543,Ca$h 'n Gun$,8652,6.67,19237
6.543,The Staufer Dynasty,1274,7.25,166226
6.543,The Colonists,646,8.06,192836
6.542,Automania,988,7.50,176544
6.541,Mascarade,5821,6.73,139030
6.541,51st State,2441,6.94,73369
6.540,Room 25,3425,6.84,127024
6.540,Carolus Magnus,3037,6.86,481
6.540,BattleTech,2796,6.96,1540
6.539,Space Cadets: Dice Duel,2360,6.94,142079
6.539,Axis & Allies Europe 1940,1180,7.55,61692
6.537,A Victory Lost,859,7.68,19622
6.536,Star Wars: Epic Duels,2649,6.98,3284
6.535,Blokus Trigon,2411,6.94,21550
6.534,Kraftwagen,1060,7.40,171879
6.534,CV,3421,6.82,143986
6.530,Sylvion,1230,7.31,143405
6.529,Thunderstone Advance: Numenera,960,7.50,142961
6.529,Diamant,4903,6.73,15512
6.529,Arctic Scavengers,2103,6.99,41933
6.527,Breakout: Normandy,861,7.66,730
6.527,World in Flames,1145,7.50,1499
6.527,Ad Astra,2540,6.90,38343
6.525,Thunderstone Advance: Worlds Collide,654,7.95,152765
6.525,Adrenaline,1113,7.37,202408
6.524,Kingdomino,1064,7.40,204583
6.524,Murano,1198,7.27,163413
6.523,Ground Floor,1374,7.18,38765
6.523,Havana,2463,6.90,57925
6.522,Balloon Cup,5067,6.71,5716
6.522,Battle Cry: 150th Civil War Anniversary Edition,871,7.65,88827
6.521,Quarto!,3633,6.81,681
6.521,Medina (second edition),1025,7.41,167270
6.519,Ghost Blitz,3651,6.78,83195
6.519,Empires in Arms,1056,7.52,254
6.519,Poker,6812,6.70,1115
6.517,Steel Driver,1746,7.03,37387
6.516,A House Divided,1681,7.10,701
6.516,Warhammer: Diskwars,1345,7.32,146418
6.514,13 Days: The Cuban Missile Crisis,739,7.75,177590
6.513,Helvetia,1627,7.05,103092
6.512,I'm the Boss!,3024,6.83,115
6.511,Forge War,1005,7.48,146221
6.511,Magic Realm,1686,7.14,22
6.511,Gulo Gulo,2567,6.87,6351
6.511,The Ancient World,1268,7.25,147253
6.509,Coup: Rebellion G54,1322,7.22,148943
6.509,Traders of Osaka,2263,6.90,24827
6.509,Diamonds Club,1555,7.08,37907
6.508,The Little Prince: Make Me a Planet,2230,6.93,134453
6.507,On the Underground,2135,6.92,24773
6.507,Oh My Goods!,2214,6.93,183840
6.506,Turn the Tide,3083,6.81,1403
6.505,TransAmerica,6669,6.66,2842
6.505,Leonardo da Vinci,3209,6.80,21920
6.505,Thunderbirds,861,7.76,160610
6.504,Middle-Earth,1519,7.19,1915
6.503,Pergamon,1950,6.95,90040
6.501,Vampire: The Eternal Struggle,1938,7.07,2122
6.501,Walnut Grove,1720,7.01,103185
6.500,Timeline: Historical Events,2642,6.86,113401
6.499,Hostage Negotiator,1275,7.24,134253
6.498,Dungeon Twister 2: Prison,1047,7.38,42124
6.497,Omen: A Reign of War,997,7.40,94104
6.496,Fearsome Floors,6072,6.66,7805
6.496,Mega Civilization,507,8.42,184424
6.495,Historia,1646,7.06,157096
6.494,Lost Cities: The Board Game,2661,6.83,42487
6.493,Empire Builder,2447,6.92,168
6.493,Prêt-à-Porter,1164,7.28,87890
6.492,Junta,4371,6.77,242
6.491,Rommel in the Desert,869,7.54,84
6.491,Kahuna,5852,6.66,394
6.490,Dice City,2103,6.92,179572
6.490,Hab & Gut,1549,7.07,38863
6.490,Theseus: The Dark Orbit,1290,7.22,144529
6.489,Nefertiti,1701,7.01,35435
6.487,Ogre,2203,6.96,5206
6.486,Big City,2145,6.90,70
6.485,Eight-Minute Empire,4889,6.67,131366
6.484,Sleuth,2151,6.89,594
6.483,König von Siam,1922,6.93,29937
6.482,We the People,1054,7.33,620
6.481,Tiny Epic Kingdoms,4273,6.72,148951
6.481,Evo (second edition),1751,7.00,107255
6.480,Leaving Earth,610,8.03,173064
6.480,KLASK,781,7.66,165722
6.479,Antike Duellum,1208,7.21,104955
6.478,Castaways,1383,7.16,71906
6.478,Oregon,2835,6.79,31497
6.475,Xiangqi,1457,7.18,2393
6.475,Onirim,3681,6.73,71836
6.473,Timeline: Diversity,2264,6.88,131325
6.472,Marvel Dice Masters: Age of Ultron,798,7.61,168998
6.471,Android,3267,6.76,39339
6.470,DC Comics Deck-Building Game: Heroes Unite,1087,7.37,142852
6.470,The Game,3068,6.77,173090
6.470,"Napoleon: The Waterloo Campaign, 1815",1055,7.32,1662
6.470,Super Dungeon Explore,2116,6.98,92190
6.469,2 de Mayo,1715,6.98,36522
6.468,Time's Up! Deluxe,806,7.53,37141
6.467,Show Manager,1451,7.06,73
6.467,Québec,1205,7.17,91984
6.465,Lorenzo il Magnifico,671,7.80,203993
6.465,First Class,710,7.70,206941
6.464,Perikles,1756,6.95,21954
6.464,Samurai Spirit,2454,6.84,158900
6.463,Ascension: Rise of Vigil,1171,7.26,138233
6.462,Founding Fathers,1506,7.02,37358
6.462,Stephenson's Rocket,2062,6.87,204
6.462,Arena: Roma II,1708,6.97,56931
6.461,PitchCar Mini,1674,6.98,14254
6.461,Edo,1223,7.16,113636
6.461,Revolution!,3403,6.74,34887
6.459,Catacombs (third edition),633,7.84,195137
6.458,The Prodigals Club,805,7.50,181796
6.455,Mordheim: City of the Damned,1343,7.21,3565
6.455,Warriors of God,889,7.41,23679
6.455,Royals,1068,7.29,165986
6.452,The Great Heartland Hauling Co.,1541,7.02,111417
6.452,Royal Palace,1865,6.91,38992
6.451,My Village,1191,7.16,172381
6.451,Heroscape Master Set:  Battle for the Underdark,895,7.49,54361
6.450,Dale of Merchants,947,7.42,176165
6.450,Dead Man's Draw,2210,6.88,149155
6.450,Pueblo,2003,6.88,3228
6.450,Manhattan,3641,6.69,199
6.449,Sluff Off!,1822,6.92,8129
6.449,Dead Men Tell No Tales,1165,7.29,141423
6.448,Falling Sky: The Gallic Revolt Against Caesar,513,8.19,163154
6.447,Kanagawa,920,7.40,200147
6.445,Race! Formula 90,583,8.03,125752
6.445,Confusion:  Espionage and Deception in the Cold War,1178,7.15,2961
6.444,The Rose King,2279,6.82,201
6.443,Inca Empire,1274,7.09,75476
6.443,BANG!,19193,6.56,3955
6.443,Horus Heresy,1357,7.12,63543
6.443,The Russian Campaign,1177,7.23,2808
6.442,Legend of the Five Rings,1444,7.11,1887
6.442,A Castle for All Seasons,2626,6.77,38386
6.442,Drum Roll,1478,7.01,86246
6.441,Axis & Allies,5188,6.73,10093
6.440,Axis & Allies Pacific 1940,1089,7.44,55829
6.440,Eurorails,1543,7.06,157
6.440,La Boca,1416,7.04,136280
6.440,Risk 2210 A.D.,5620,6.71,1829
6.439,The Princes of Machu Picchu,1469,7.00,36811
6.438,Pirate's Cove,7087,6.60,2987
6.438,Guillotine,14972,6.54,116
6.437,Cottage Garden,1198,7.16,204027
6.437,The Red Dragon Inn 2,2031,6.91,33451
6.437,Quoridor,4122,6.69,624
6.436,Jungle Speed,7660,6.60,8098
6.436,Wings of War: Watch Your Back!,1678,6.98,9910
6.435,Archaeology: The New Expedition,973,7.34,191300
6.434,RAF: The Battle of Britain 1940,577,7.96,40209
6.433,Liberty or Death: The American Insurrection,529,8.12,165872
6.433,1846,499,8.07,17405
6.430,Babel,3156,6.71,986
6.430,Aeon's End,565,8.23,191189
6.430,Château Roquefort,1941,6.86,28089
6.430,Wooden Ships & Iron Men,1668,6.98,237
6.429,Islebound,829,7.44,185589
6.428,Last Night on Earth: Timber Peak,719,7.69,122240
6.428,Valley of the Kings: Afterlife,767,7.51,175223
6.427,Relic,2084,6.93,128442
6.427,Junk Art,704,7.61,193042
6.425,Exodus: Proxima Centauri,1064,7.25,122842
6.425,A Study in Emerald (second edition),1148,7.16,178054
6.425,Hornet Leader: Carrier Air Operations,597,7.96,65564
6.425,Navajo Wars,535,8.00,102435
6.424,Mare Nostrum,2848,6.75,3931
6.423,Serenissima (first edition),2078,6.89,232
6.423,Timeline: Discoveries,2168,6.82,99975
6.423,Agents of SMERSH,1243,7.10,111105
6.420,Wings of War: Burning Drachens,1259,7.15,15953
6.420,"Artifacts, Inc.",1575,6.95,168609
6.419,Dungeons & Dragons: Temple of Elemental Evil Board Game,853,7.55,172220
6.419,Bonaparte at Marengo,845,7.40,15839
6.418,Odin's Ravens,3294,6.68,4396
6.416,Hermagor,1634,6.92,25224
6.416,Dawn of the Zeds (Second edition),546,7.98,144568
6.415,Wings of War: Deluxe Set,998,7.28,31552
6.414,Kingdoms,3911,6.63,119
6.413,Ave Caesar,3785,6.64,494
6.413,Cold War: CIA vs KGB,3338,6.67,24742
6.413,Florenza,734,7.51,81640
6.411,Werewolf,3745,6.67,925
6.410,Wealth of Nations,1583,6.94,32666
6.410,Fabled Fruit,948,7.27,203427
6.410,Kamisado,1366,7.01,38545
6.409,Sun Tzu,1323,7.06,18745
6.408,Um Reifenbreite,1827,6.87,442
6.408,Catan Histories: Settlers of America – Trails to Rails,1725,6.91,67239
6.408,Fighting Formations: Grossdeutschland Motorized Infantry Division,707,7.61,39217
6.407,Shogi,1096,7.27,2065
6.407,Space Cadets,2656,6.72,123096
6.406,Hare & Tortoise,3536,6.65,361
6.406,Rum & Bones,954,7.33,168788
6.405,The Boss,1579,6.92,85005
6.404,Heroscape Marvel: The Conflict Begins,1638,6.97,24703
6.404,Archaeology: The Card Game,2741,6.71,31105
6.404,Conquest of the Empire,2711,6.77,17710
6.404,Magnum Sal,1254,7.06,73316
6.403,Space Crusade,2032,6.90,1568
6.402,Fjords,2652,6.71,15511
6.402,Railroad Revolution,631,7.68,207691
6.402,Indigo,1815,6.86,116954
6.402,Pastiche,1729,6.87,91620
6.400,The Adventurers: The Temple of Chac,4080,6.62,43868
6.400,Atlantic Star,1663,6.90,2570
6.398,The Bottle Imp,2360,6.74,619
6.398,Mystery of the Abbey,6685,6.55,915
6.397,Scotland Yard,10054,6.51,438
6.397,Niagara,6518,6.54,13308
6.396,20th Century,1462,6.93,85036
6.396,Bootleggers,2890,6.70,12477
6.394,Sail to India,1874,6.83,141736
6.393,Beyond Balderdash,2289,6.77,1544
6.393,Porta Nigra,876,7.27,172385
6.392,Cutthroat Caverns,3969,6.62,28259
6.392,The Ark of the Covenant,1378,6.97,6779
6.391,Impulse,1341,7.00,144239
6.390,1870,796,7.42,424
6.390,Funkenschlag,706,7.57,12166
6.390,American Rails,675,7.52,41749
6.389,Compounded,1661,6.89,118174
6.389,Ubongo 3D,1007,7.18,46396
6.389,Elasund: The First City,2927,6.68,19526
6.389,Ra: The Dice Game,2144,6.75,35503
6.389,Revolution: The Dutch Revolt 1568-1648,837,7.36,9215
6.388,Felix: The Cat in the Sack,4020,6.60,32125
6.388,Warfighter: The Tactical Special Forces Card Game,646,7.82,149951
6.387,New Amsterdam,1028,7.16,128898
6.386,Favor of the Pharaoh,1444,6.95,171011
6.386,Pickomino,6289,6.53,15818
6.385,Valdora,1686,6.86,40769
6.385,Crusader Rex,1017,7.18,8481
6.384,Ascension: Realms Unraveled,640,7.71,157026
6.383,League of Six,1718,6.83,31624
6.383,Kodama: The Tree Spirits,1309,7.04,181810
6.383,Seeland,1380,6.95,63759
6.382,Expedition: Northwest Passage,1123,7.10,71074
6.382,Backgammon,8763,6.53,2397
6.380,Copycat,1784,6.82,114031
6.380,Codex: Card-Time Strategy – Deluxe Set,473,8.45,131111
6.380,Infinity,506,8.08,21133
6.379,Battletech Introductory Box Set,707,7.61,31759
6.379,The Hanging Gardens,1948,6.78,34707
6.379,EastFront II,488,8.04,22143
6.379,Richard III: The Wars of the Roses,741,7.46,25277
6.378,Vast: The Crystal Caverns,762,7.54,170416
6.376,Cthulhu Realms,1428,6.97,179303
6.376,"Edel, Stein & Reich",1408,6.93,5781
6.376,Pax Pamir,613,7.71,155255
6.376,Good Cop Bad Cop,1844,6.82,153064
6.376,Hamsterrolle,1633,6.85,903
6.373,Oltre Mare,2559,6.69,13551
6.372,Clans,4320,6.56,4636
6.372,Strat-O-Matic Baseball,786,7.55,2251
6.372,SPQR (Deluxe Edition),500,7.98,21551
6.372,Talisman (Revised 4th Edition),9122,6.58,27627
6.371,Sylla,1794,6.80,35761
6.371,The Bridges of Shangri-La,2056,6.76,8190
6.371,Zombie 15',1289,7.02,144826
6.371,Duplik,1279,7.00,22348
6.370,Blood Bowl (2016 edition),417,8.53,212445
6.368,"Run, Fight, or Die!",1249,7.04,89910
6.367,Timeline: Music & Cinema,1738,6.84,145189
6.367,1944: Race to the Rhine,751,7.44,148601
6.366,Android: Infiltration,3074,6.64,118063
6.365,Razzia!,1676,6.81,12589
6.364,Campaign Manager 2008,2326,6.70,46255
6.364,Conquest of Planet Earth: The Space Alien Game,1359,6.96,71882
6.364,City of Horror,2153,6.77,120217
6.364,World War II: Barbarossa to Berlin,967,7.22,3353
6.364,Victory in the Pacific,1026,7.16,1442
6.363,Isla Dorada,2041,6.77,68182
6.362,Wits & Wagers Family,1241,6.98,66588
6.362,Field Commander: Napoleon,565,7.81,42673
6.362,Antike II,654,7.57,166857
6.361,Mall of Horror,2678,6.67,16772
6.361,Trans Europa,2816,6.65,16267
6.360,Horse Fever,1175,7.06,58110
6.360,Puzzle Strike Shadows,515,7.97,123609
6.360,Warmachine,940,7.33,4741
6.359,Urban Sprawl,1772,6.78,62220
6.359,Carrom,1179,7.01,5072
6.359,Mangrovia,856,7.27,165948
6.359,Flamme Rouge,648,7.70,199478
6.359,Assyria,1351,6.93,43152
6.358,Ta Yü,1249,6.98,117
6.358,Frank's Zoo,2930,6.63,340
6.357,Alea Iacta Est,2440,6.66,40760
6.357,Wasabi!,4381,6.55,33154
6.356,Last Train to Wensleydale,924,7.16,39927
6.356,Lost Legacy: The Starship,1971,6.75,158339
6.356,Beasty Bar,1477,6.88,165950
6.356,EastFront,619,7.68,77
6.355,Escape from the Aliens in Outer Space,1522,6.89,82168
6.355,The Great Dalmuti,5356,6.55,929
6.355,World of Warcraft: The Boardgame,4438,6.62,17223
6.355,Oasis,2041,6.73,9027
6.355,Samarkand: Routes to Riches,1383,6.91,66214
6.354,A Fake Artist Goes to New York,946,7.16,135779
6.353,El Capitán,1619,6.83,29972
6.352,Hoity Toity,4367,6.54,120
6.352,Unhappy King Charles!,614,7.67,18748
6.352,Love Letter: The Hobbit – The Battle of the Five Armies,947,7.22,169611
6.352,My First Carcassonne,1942,6.78,41010
6.351,The Napoleonic Wars (Second Edition),733,7.45,36399
6.351,Barony,1077,7.10,167513
6.351,Kolejka,1875,6.83,85325
6.350,Lifeboats,2930,6.61,249
6.349,Riff Raff,1186,6.99,118695
6.348,Tsuro of the Seas,3336,6.61,124172
6.348,Il Vecchio,1175,6.98,119391
6.348,Guildhall: Job Faire,842,7.24,142121
6.347,Snake Oil,1621,6.84,113289
6.347,The Great Battles of Alexander: Deluxe Edition,577,7.73,11057
6.346,Not Alone,899,7.32,194879
6.346,Police Precinct,1164,7.03,118536
6.345,Stronghold (2nd edition),521,7.84,179460
6.343,Constantinopolis,1264,6.97,31483
6.342,Star Trek: Ascendancy,591,7.86,193949
6.342,Tiny Epic Western,1240,7.06,180852
6.341,The Red Dragon Inn,4697,6.57,24310
6.341,Lost Valley,1639,6.80,9341
6.340,Subbuteo,1291,6.99,3720
6.340,DungeonQuest (third edition),2747,6.68,71061
6.339,The End of the Triumvirate,1508,6.83,20134
6.338,FITS,2693,6.61,40393
6.336,Time's Up! Edición Azul,778,7.30,57660
6.336,Wiz-War,1510,6.92,589
6.335,Mythotopia,1164,6.99,133632
6.335,You're Bluffing!,2766,6.63,1117
6.334,Yunnan,921,7.16,143401
6.333,Palastgeflüster,1668,6.78,32412
6.333,Strike of the Eagle,574,7.69,83734
6.332,B-17: Queen of the Skies,1601,6.93,1032
6.331,SET,7686,6.49,1198
6.331,Star Trek: Frontiers,485,8.02,182340
6.330,Long Shot,1894,6.74,40237
6.330,Key Harvest,1488,6.81,29839
6.330,Trambahn,950,7.11,175293
6.330,Marrakech,2027,6.70,29223
6.329,Daytona 500,939,7.15,631
6.329,OddVille,1324,6.91,123219
6.328,SeaFall,871,7.39,148261
6.327,Paris Connection,1500,6.79,75358
6.327,Iron Dragon,1362,6.95,130
6.326,Adventure Time Love Letter,761,7.40,175307
6.325,God's Playground,639,7.47,38309
6.325,Axis & Allies,8599,6.54,98
6.325,Poseidon,945,7.08,76417
6.324,Ice Cool,1215,6.97,177524
6.324,First Train to Nuremberg,873,7.17,83667
6.322,DungeonQuest,2258,6.69,472
6.322,Tower of Babel,2094,6.68,15510
6.321,Neanderthal,578,7.61,171662
6.321,Kings of Air and Steam,1121,6.97,111732
6.321,Nuns on the Run,3127,6.57,65515
6.320,Epic Spell Wars of the Battle Wizards: Duel at Mt. Skullzfyre,3104,6.66,112686
6.320,Asante,1031,7.05,136056
6.318,Mamma Mia!,4772,6.49,49
6.318,Perry Rhodan: The Cosmic League,1486,6.79,30367
6.317,Samurai Sword,2029,6.73,128667
6.317,The Guns of Gettysburg,480,7.91,36400
6.317,Sails of Glory,645,7.56,109291
6.316,Dungeons & Dragons: Conquest of Nerath Board Game,1254,6.99,92044
6.316,Nightfall,3403,6.54,88408
6.315,Qin,1505,6.81,127997
6.315,Cosmic Encounter,841,7.22,40529
6.314,Kreta,1244,6.90,15600
6.313,Pantheon,1382,6.82,94480
6.313,Powerboats,1686,6.73,38531
6.313,Spades,1704,6.75,592
6.313,Verräter,1693,6.74,72
6.313,Dragonheart,2517,6.61,66171
6.312,Once Upon a Time: The Storytelling Card Game,6040,6.47,1234
6.310,1860: Railways on the Isle of Wight,452,7.86,12750
6.309,The Adventurers: The Pyramid of Horus,1555,6.81,98315
6.309,Puzzle Strike,1747,6.76,67928
6.308,Monsterpocalypse,912,7.22,32674
6.308,Normandy '44,504,7.86,38718
6.308,Wildlife Safari,2448,6.61,398
6.308,Capitol,1392,6.84,1155
6.307,Darkest Night (First edition),814,7.28,128445
6.307,PÜNCT,1313,6.85,19764
6.306,Canal Mania,1165,6.91,19995
6.305,Dreamblade,912,7.16,22897
6.305,Dream Home,972,7.11,194880
6.305,Olympus,1161,6.90,73070
6.303,Sobek,1628,6.77,67185
6.303,Age of Conan: The Strategy Board Game,2111,6.70,27848
6.303,Fortress America,2113,6.70,99
6.302,Panic on Wall Street!,1060,7.00,104581
6.301,Around the World in 80 Days,2641,6.58,12005
6.300,Pathfinder Adventure Card Game: Wrath of the Righteous – Base Set,544,7.70,169416
6.300,Basari,1461,6.78,14
6.300,The Red Dragon Inn 3,929,7.19,66510
6.299,Euchre,1711,6.77,6901
6.298,Revolver,1152,6.95,76150
6.298,Battle Sheep,1696,6.74,54137
6.297,Cube Quest,1216,6.88,137330
6.295,TurfMaster,815,7.21,384
6.294,Harbour,2581,6.59,155969
6.293,Pyramid,1153,6.91,36648
6.292,Key Market,607,7.42,78733
6.292,Tikal II: The Lost Temple,1132,6.90,67180
6.291,Axis & Allies: 1942,1509,6.96,41863
6.290,Code 777,1608,6.74,443
6.290,Blockers!,1660,6.71,29073
6.290,Ribbit,1583,6.79,9441
6.289,Silverton,916,7.09,511
6.289,Haspelknecht,659,7.35,169794
6.288,Dungeon Command: Heart of Cormyr,750,7.36,124965
6.288,Ardennes '44,437,7.94,7858
6.288,Cinque Terre,915,7.06,124052
6.288,Nyet!,1188,6.87,1107
6.287,Keltis,4286,6.47,34585
6.286,Steam Time,678,7.32,180592
6.286,Ascension: Darkness Unleashed,578,7.57,144864
6.286,Mafia de Cuba,1610,6.74,176558
6.285,Illuminati:  Deluxe Edition,4223,6.53,28
6.285,O Zoo le Mio,2041,6.63,4218
6.285,FAB: The Bulge,614,7.45,20133
6.284,Battlestations,895,7.18,12350
6.283,Dungeon Command: Sting of Lolth,772,7.32,122588
6.282,GOSU,2306,6.63,66587
6.281,Villa Paletti,3420,6.50,2596
6.280,Chicken Cha Cha Cha,2122,6.63,3570
6.280,Boomtown,2434,6.57,10997
6.280,Greed,1294,6.82,151247
6.273,Epic Card Game,2424,6.64,175621
6.273,Helios,1128,6.87,154182
6.272,Prophecy,1711,6.71,8095
6.272,Tanto Cuore,1313,6.90,65282
6.272,The Lord of the Ice Garden,502,7.82,157917
